id,first_name,last_name,email,gender,ip_address,zipcode
1,Ariadne,Ickovits,aickovits0@webmd.com,Female,141.213.189.204,USD
2,Bernhard,Stewart,bstewart1@newsvine.com,Male,91.247.138.63,XOF
3,Karlotte,Libbe,klibbe2@php.net,Female,104.87.127.134,CNY
4,Kleon,Hulson,khulson3@tamu.edu,Male,254.207.28.42,JPY
5,Loraine,Johannes,ljohannes4@feedburner.com,Female,120.144.169.101,EUR
6,Kirsteni,Scragg,kscragg5@google.com.au,Female,118.32.6.152,PHP
7,Adda,Kneeland,akneeland6@wikipedia.org,Polygender,130.201.39.252,EUR
8,Max,Searle,msearle7@uol.com.br,Male,79.140.146.159,RUB
9,Tybie,Pattison,tpattison8@forbes.com,Female,123.203.21.142,EUR
10,Gunilla,Dudderidge,gdudderidge9@istockphoto.com,Agender,38.205.194.138,MGA
11,Waite,Roger,wrogera@sakura.ne.jp,Male,79.225.58.184,CNY
12,Toinette,Ivers,tiversb@tripadvisor.com,Female,192.21.14.193,RUB
13,Mae,Mossbee,mmossbeec@boston.com,Female,245.113.195.59,BRL
14,Filmore,Mattheissen,fmattheissend@networksolutions.com,Male,45.141.180.169,MXN
15,Wadsworth,Routhorn,wrouthorne@amazon.de,Male,117.243.248.225,USD
16,Dael,Didball,ddidballf@meetup.com,Female,101.152.35.255,AMD
17,Lelah,Calver,lcalverg@auda.org.au,Female,241.152.94.70,BRL
18,Douglas,Matitiaho,dmatitiahoh@addthis.com,Male,140.91.13.211,BRL
19,Berrie,Burren,bburreni@reddit.com,Female,74.137.173.176,THB
20,Antony,McCloughen,amccloughenj@cbslocal.com,Male,213.118.41.156,EUR
21,Addy,MacCook,amaccookk@mit.edu,Female,191.2.140.114,CAD
22,Aubrie,Carnoghan,acarnoghanl@bbc.co.uk,Female,6.119.175.243,JPY
23,Karoline,Ludee,kludeem@prlog.org,Female,185.53.187.163,CZK
24,Jaquelyn,Pleace,jpleacen@amazon.co.jp,Female,160.231.55.143,PEN
25,Sharia,Brand-Hardy,sbrandhardyo@shutterfly.com,Female,190.198.25.34,VND
26,Renato,Dowley,rdowleyp@topsy.com,Male,100.152.188.61,MNT
27,Drew,Brickhill,dbrickhillq@aol.com,Male,213.32.86.34,PHP
28,Amalea,Lempel,alempelr@rediff.com,Female,210.80.236.110,IRR
29,Boone,Firman,bfirmans@furl.net,Male,33.236.108.2,RUB
30,Kassi,Stodart,kstodartt@bbc.co.uk,Female,128.132.144.176,IDR
31,Zeke,Ballantine,zballantineu@apache.org,Male,83.210.37.43,CZK
32,Matthus,Hovel,mhovelv@pinterest.com,Male,149.94.125.85,USD
33,Gerardo,Whittlesea,gwhittleseaw@cmu.edu,Male,179.28.23.9,EUR
34,Pattin,Vasilkov,pvasilkovx@alibaba.com,Male,48.129.106.252,IDR
35,Rubina,Dumphy,rdumphyy@pen.io,Female,101.119.157.214,NPR
36,Cheston,Chave,cchavez@reverbnation.com,Male,241.214.84.114,RUB
37,Grace,Gaiger,ggaiger10@a8.net,Male,202.77.36.233,JOD
38,Meredeth,Buzine,mbuzine11@wikia.com,Male,79.240.179.46,RUB
39,Cherise,Iwanowicz,ciwanowicz12@shutterfly.com,Female,26.217.168.144,PLN
40,Florella,Pluthero,fpluthero13@jigsy.com,Female,22.110.131.226,EUR
41,Ewen,Seakes,eseakes14@bbc.co.uk,Male,148.227.102.85,PHP
42,Mahala,Greaves,mgreaves15@yahoo.co.jp,Female,5.96.249.98,PLN
43,Lowrance,Endicott,lendicott16@slideshare.net,Male,31.229.125.106,UAH
44,Tabb,Frackiewicz,tfrackiewicz17@springer.com,Genderfluid,232.88.223.68,MXN
45,Abdel,Chapling,achapling18@amazon.co.jp,Agender,160.188.243.11,IDR
46,Alexandro,Winchurst,awinchurst19@comcast.net,Male,175.98.67.13,EUR
47,Brook,Ferrarotti,bferrarotti1a@twitter.com,Male,213.2.198.133,SEK
48,Maisie,Dunley,mdunley1b@xing.com,Female,249.115.51.228,PHP
49,Syd,Cardenoza,scardenoza1c@europa.eu,Male,31.213.236.252,SEK
50,Urson,Gainsbury,ugainsbury1d@eventbrite.com,Male,17.198.52.95,MNT
51,Cord,Aviss,caviss1e@biblegateway.com,Male,186.78.81.246,VEF
52,Rufe,Stife,rstife1f@jalbum.net,Male,118.111.251.178,XPF
53,Oberon,Tregiddo,otregiddo1g@yolasite.com,Male,146.240.191.148,CNY
54,Kamilah,MacCombe,kmaccombe1h@g.co,Female,53.54.208.97,CNY
55,Edithe,Fragino,efragino1i@adobe.com,Female,186.98.65.253,CNY
56,Chevy,Buglass,cbuglass1j@goo.gl,Male,245.184.13.220,EUR
57,Vevay,Mc Curlye,vmccurlye1k@squidoo.com,Female,154.74.181.160,EUR
58,Michaelina,Kinnach,mkinnach1l@admin.ch,Female,44.85.235.107,PHP
59,Babbette,Noot,bnoot1m@sbwire.com,Female,109.28.58.175,PHP
60,Fredericka,Ilyukhov,filyukhov1n@dot.gov,Female,253.233.63.51,LRD
61,Flori,Fathers,ffathers1o@a8.net,Female,121.148.107.207,XOF
62,Darelle,Ennor,dennor1p@baidu.com,Female,240.221.77.189,PLN
63,Frasier,McKinnon,fmckinnon1q@tmall.com,Male,126.11.103.210,CAD
64,Pavlov,Bebis,pbebis1r@ca.gov,Male,213.180.11.34,CNY
65,Maye,Rowthorn,mrowthorn1s@upenn.edu,Female,200.52.182.118,RUB
66,Jory,Byllam,jbyllam1t@biglobe.ne.jp,Male,122.117.187.98,CNY
67,Lannie,Sarl,lsarl1u@zdnet.com,Male,55.184.121.44,SEK
68,Kippie,Mangan,kmangan1v@hubpages.com,Female,153.232.105.29,IDR
69,Abeu,Daviot,adaviot1w@tinypic.com,Male,128.144.97.96,HKD
70,Felicio,Davies,fdavies1x@51.la,Male,245.116.144.215,EGP
71,Heath,Leathart,hleathart1y@wikipedia.org,Bigender,154.157.74.24,USD
72,Jillene,Yeardley,jyeardley1z@wikimedia.org,Female,212.55.17.231,ARS
73,Frederigo,Brands,fbrands20@sbwire.com,Male,143.116.103.236,CNY
74,Waylin,Willmont,wwillmont21@tuttocitta.it,Male,5.153.35.91,IRR
75,Bank,Worsnap,bworsnap22@fastcompany.com,Male,161.76.97.128,JPY
76,Evelin,Ivery,eivery23@spiegel.de,Bigender,215.28.80.127,PEN
77,Carlin,Shemwell,cshemwell24@wikispaces.com,Male,61.59.167.152,MGA
78,Pippy,Skelding,pskelding25@java.com,Female,104.142.16.184,SLL
79,Tome,Dorking,tdorking26@dailymail.co.uk,Genderqueer,20.146.11.249,SEK
80,Oates,Nitto,onitto27@bloglovin.com,Agender,89.27.108.121,DOP
81,Yankee,Salomon,ysalomon28@fc2.com,Male,66.231.255.117,IDR
82,Nikolas,Ewer,newer29@chronoengine.com,Male,17.217.167.252,IDR
83,Candra,Ormrod,cormrod2a@globo.com,Female,192.169.126.74,THB
84,Eal,Cauderlie,ecauderlie2b@ning.com,Non-binary,213.241.31.234,CNY
85,Briant,Sumpter,bsumpter2c@hhs.gov,Male,157.104.8.25,EUR
86,Marcie,Dearl,mdearl2d@mapy.cz,Female,153.130.165.187,CNY
87,Rob,Gudgen,rgudgen2e@un.org,Bigender,68.156.105.62,IDR
88,Robby,Pedreschi,rpedreschi2f@printfriendly.com,Female,24.73.226.190,RUB
89,Ferd,Beauvais,fbeauvais2g@businessinsider.com,Male,241.105.34.113,CNY
90,Dion,Selley,dselley2h@discovery.com,Male,2.167.74.210,EUR
91,Asia,Oakenford,aoakenford2i@multiply.com,Female,184.200.252.26,HTG
92,Perice,Wildor,pwildor2j@ucoz.com,Male,236.14.148.159,RUB
93,Bud,Denholm,bdenholm2k@tripod.com,Genderqueer,24.96.224.196,IDR
94,Keane,Vasenin,kvasenin2l@sfgate.com,Male,189.121.185.83,EGP
95,Kele,Zarfati,kzarfati2m@apache.org,Male,243.2.13.138,AFN
96,Augustina,Hicklingbottom,ahicklingbottom2n@bigcartel.com,Female,212.152.125.66,PLN
97,Emmott,Izakovitz,eizakovitz2o@harvard.edu,Genderqueer,127.175.149.235,CNY
98,Tiebold,Gullane,tgullane2p@skyrock.com,Genderfluid,124.187.138.223,BRL
99,Sinclare,Laxe,slaxe2q@shop-pro.jp,Male,152.14.173.181,EUR
100,Ricca,Meininking,rmeininking2r@friendfeed.com,Female,36.37.133.97,IDR
